Workbook

Sheet Post
A1: Post ID | B1: Platform | C1: Date | D1: Content Type | E1: Post Text | F1: Likes | G1: Shares | H1: Comments | I1: Impressions | J1: Reach | K1: Clicks | L1: Hashtags_1 | M1: Hashtags_2 | N1: Engagement_Rate
A2: P001 | B2: Twitter | C2: 2024-12-23 | D2: Reel | E2: Explore the latest reel on Myntra! Trendy styles await. | F2: 1461 | G2: 184 | H2: 344 | I2: 21915 | J2: 21675 | K2: 15 | L2: #MyntraSale | N2: 8.06
A3: P002 | B3: Twitter | C3: 2025-04-03 | D3: Text | E3: Explore the latest text on Myntra! Trendy styles await. | F3: 4054 | G3: 389 | H3: 493 | I3: 64864 | J3: 64383 | K3: 117 | L3: #MyntraFashion | N3: 4.98
A4: P003 | B4: YouTube | C4: 2025-05-12 | D4: Reel | E4: Explore the latest reel on Myntra! Trendy styles await. | F4: 2795 | G4: 105 | H4: 49 | I4: 53105 | J4: 52307 | K4: 204 | L4: #MyntraFashion | M4: #MyntraSale | N4: 8.31
A5: P004 | B5: Instagram | C5: 2024-08-12 | D5: Story | E5: Explore the latest story on Myntra! Trendy styles await. | F5: 2404 | G5: 363 | H5: 138 | I5: 19232 | J5: 18636 | K5: 128 | L5: #MyntraSale | N5: 4.11
A6: P005 | B6: YouTube | C6: 2024-06-26 | D6: Reel | E6: Explore the latest reel on Myntra! Trendy styles await. | F6: 3557 | G6: 687 | H6: 424 | I6: 71140 | J6: 70701 | K6: 224 | L6: #StyleWithMyntra | M6: #MyntraFashion | N6: 9.05
A7: P006 | B7: Facebook | C7: 2024-10-31 | D7: Carousel | E7: Explore the latest carousel on Myntra! Trendy styles await. | F7: 2945 | G7: 930 | H7: 355 | I7: 23560 | J7: 23275 | K7: 256 | L7: #MyntraTrend | N7: 2.37
A8: P007 | B8: Twitter | C8: 2024-06-24 | D8: Carousel | E8: Explore the latest carousel on Myntra! Trendy styles await. | F8: 3860 | G8: 201 | H8: 279 | I8: 61760 | J8: 61660 | K8: 235 | L8: #MyntraTrend | N8: 4.01
A9: P008 | B9: YouTube | C9: 2024-07-13 | D9: Image | E9: Explore the latest image on Myntra! Trendy styles await. | F9: 3929 | G9: 262 | H9: 278 | I9: 43219 | J9: 42841 | K9: 39 | L9: #MyntraFashion | M9: #MyntraSale | N9: 3.16
A10: P009 | B10: Facebook | C10: 2024-08-30 | D10: Text | E10: Explore the latest text on Myntra! Trendy styles await. | F10: 3784 | G10: 808 | H10: 404 | I10: 56760 | J10: 56343 | K10: 131 | L10: #MyntraFashion | M10: #MyntraSale | N10: 2.46
A11: P010 | B11: Facebook | C11: 2025-03-11 | D11: Image | E11: Explore the latest image on Myntra! Trendy styles await. | F11: 4241 | G11: 902 | H11: 47 | I11: 72097 | J11: 71598 | K11: 167 | L11: #MyntraTrend | N11: 8.11
A12: P011 | B12: Instagram | C12: 2025-02-02 | D12: Story | E12: Explore the latest story on Myntra! Trendy styles await. | F12: 1792 | G12: 614 | H12: 497 | I12: 25088 | J12: 24675 | K12: 65 | L12: #StyleWithMyntra | N12: 8.19
A13: P012 | B13: Facebook | C13: 2024-07-21 | D13: Reel | E13: Explore the latest reel on Myntra! Trendy styles await. | F13: 1946 | G13: 686 | H13: 377 | I13: 23352 | J13: 22982 | K13: 213 | L13: #StyleWithMyntra | M13: #MyntraSale | N13: 3.49
A14: P013 | B14: YouTube | C14: 2024-11-18 | D14: Carousel | E14: Explore the latest carousel on Myntra! Trendy styles await. | F14: 1171 | G14: 286 | H14: 231 | I14: 22249 | J14: 21282 | K14: 114 | L14: #MyntraFashion | N14: 6.92
A15: P014 | B15: Facebook | C15: 2025-02-16 | D15: Story | E15: Explore the latest story on Myntra! Trendy styles await. | F15: 4242 | G15: 555 | H15: 131 | I15: 33936 | J15: 33802 | K15: 265 | L15: #MyntraSale | M15: #MyntraFashion | N15: 9.12
A16: P015 | B16: Facebook | C16: 2024-10-24 | D16: Video | E16: Explore the latest video on Myntra! Trendy styles await. | F16: 3888 | G16: 604 | H16: 128 | I16: 77760 | J16: 77167 | K16: 20 | L16: #MyntraFashion | M16: #FashionDeals | N16: 3.5
A17: P016 | B17: Facebook | C17: 2024-08-26 | D17: Text | E17: Explore the latest text on Myntra! Trendy styles await. | F17: 3452 | G17: 377 | H17: 360 | I17: 55232 | J17: 55075 | K17: 87 | L17: #MyntraSale | M17: #FashionDeals | N17: 2.62
A18: P017 | B18: Facebook | C18: 2025-05-05 | D18: Text | E18: Explore the latest text on Myntra! Trendy styles await. | F18: 4441 | G18: 511 | H18: 70 | I18: 53292 | J18: 53082 | K18: 159 | L18: #FashionDeals | N18: 9.36
A19: P018 | B19: Instagram | C19: 2024-08-19 | D19: Reel | E19: Explore the latest reel on Myntra! Trendy styles await. | F19: 3000 | G19: 382 | H19: 325 | I19: 36000 | J19: 35819 | K19: 19 | L19: #StyleWithMyntra | N19: 4.48
A20: P019 | B20: Instagram | C20: 2024-06-23 | D20: Video | E20: Explore the latest video on Myntra! Trendy styles await. | F20: 1071 | G20: 519 | H20: 22 | I20: 16065 | J20: 15865 | K20: 103 | L20: #MyntraSale | M20: #StyleWithMyntra | N20: 6.19
A21: P020 | B21: Instagram | C21: 2024-09-09 | D21: Carousel | E21: Explore the latest carousel on Myntra! Trendy styles await. | F21: 4054 | G21: 488 | H21: 373 | I21: 77026 | J21: 76881 | K21: 25 | L21: #MyntraFashion | M21: #MyntraSale | N21: 8.72
A22: P021 | B22: Instagram | C22: 2025-01-04 | D22: Reel | E22: Explore the latest reel on Myntra! Trendy styles await. | F22: 4838 | G22: 640 | H22: 128 | I22: 72570 | J22: 72396 | K22: 83 | L22: #StyleWithMyntra | M22: #MyntraTrend | N22: 8.74
A23: P022 | B23: Facebook | C23: 2025-02-27 | D23: Text | E23: Explore the latest text on Myntra! Trendy styles await. | F23: 1570 | G23: 187 | H23: 260 | I23: 25120 | J23: 24613 | K23: 133 | L23: #MyntraSale | N23: 1.91
A24: P023 | B24: Facebook | C24: 2024-11-06 | D24: Video | E24: Explore the latest video on Myntra! Trendy styles await. | F24: 1606 | G24: 547 | H24: 316 | I24: 32120 | J24: 31736 | K24: 225 | L24: #MyntraSale | N24: 4.66
A25: P024 | B25: Facebook | C25: 2025-01-23 | D25: Video | E25: Explore the latest video on Myntra! Trendy styles await. | F25: 3961 | G25: 761 | H25: 131 | I25: 67337 | J25: 66615 | K25: 161 | L25: #MyntraTrend | N25: 2.88
A26: P025 | B26: Twitter | C26: 2025-04-10 | D26: Carousel | E26: Explore the latest carousel on Myntra! Trendy styles await. | F26: 3128 | G26: 211 | H26: 197 | I26: 59432 | J26: 59182 | K26: 238 | L26: #StyleWithMyntra | M26: #MyntraSale | N26: 3.74
A27: P026 | B27: YouTube | C27: 2025-04-05 | D27: Reel | E27: Explore the latest reel on Myntra! Trendy styles await. | F27: 3009 | G27: 413 | H27: 358 | I27: 42126 | J27: 41309 | K27: 211 | L27: #MyntraSale | N27: 6.44
A28: P027 | B28: YouTube | C28: 2024-09-17 | D28: Text | E28: Explore the latest text on Myntra! Trendy styles await. | F28: 2076 | G28: 195 | H28: 104 | I28: 33216 | J28: 32244 | K28: 51 | L28: #MyntraTrend | N28: 8.56
A29: P028 | B29: Instagram | C29: 2025-03-04 | D29: Video | E29: Explore the latest video on Myntra! Trendy styles await. | F29: 432 | G29: 624 | H29: 123 | I29: 6912 | J29: 6259 | K29: 79 | L29: #MyntraSale | M29: #MyntraTrend | N29: 4.56
A30: P029 | B30: Instagram | C30: 2025-01-31 | D30: Carousel | E30: Explore the latest carousel on Myntra! Trendy styles await. | F30: 2566 | G30: 118 | H30: 37 | I30: 12830 | J30: 12264 | K30: 221 | L30: #MyntraTrend | M30: #MyntraFashion | N30: 7.88
A31: P030 | B31: Instagram | C31: 2025-02-25 | D31: Video | E31: Explore the latest video on Myntra! Trendy styles await. | F31: 3095 | G31: 39 | H31: 78 | I31: 55710 | J31: 54808 | K31: 93 | L31: #MyntraSale | N31: 7.86
A32: P031 | B32: Instagram | C32: 2024-12-16 | D32: Text | E32: Explore the latest text on Myntra! Trendy styles await. | F32: 438 | G32: 153 | H32: 275 | I32: 3066 | J32: 2701 | K32: 282 | L32: #MyntraTrend | N32: 5.34
A33: P032 | B33: Twitter | C33: 2024-07-31 | D33: Carousel | E33: Explore the latest carousel on Myntra! Trendy styles await. | F33: 2278 | G33: 10 | H33: 321 | I33: 13668 | J33: 12676 | K33: 275 | L33: #MyntraTrend | M33: #MyntraFashion | N33: 5.52
A34: P033 | B34: Facebook | C34: 2024-08-21 | D34: Image | E34: Explore the latest image on Myntra! Trendy styles await. | F34: 1407 | G34: 400 | H34: 351 | I34: 16884 | J34: 15954 | K34: 113 | L34: #MyntraFashion | M34: #FashionDeals | N34: 4.05
A35: P034 | B35: Facebook | C35: 2025-03-26 | D35: Text | E35: Explore the latest text on Myntra! Trendy styles await. | F35: 1652 | G35: 89 | H35: 357 | I35: 29736 | J35: 28771 | K35: 215 | L35: #MyntraTrend | M35: #FashionDeals | N35: 7.73
A36: P035 | B36: Instagram | C36: 2024-11-30 | D36: Video | E36: Explore the latest video on Myntra! Trendy styles await. | F36: 3775 | G36: 16 | H36: 239 | I36: 33975 | J36: 33310 | K36: 271 | L36: #StyleWithMyntra | M36: #MyntraSale | N36: 4.36
A37: P036 | B37: Instagram | C37: 2025-04-19 | D37: Story | E37: Explore the latest story on Myntra! Trendy styles await. | F37: 4518 | G37: 285 | H37: 383 | I37: 67770 | J37: 67621 | K37: 31 | L37: #FashionDeals | N37: 3.48
A38: P037 | B38: Facebook | C38: 2025-01-06 | D38: Carousel | E38: Explore the latest carousel on Myntra! Trendy styles await. | F38: 3024 | G38: 925 | H38: 350 | I38: 24192 | J38: 23518 | K38: 36 | L38: #MyntraSale | N38: 7.83
A39: P038 | B39: YouTube | C39: 2025-02-17 | D39: Reel | E39: Explore the latest reel on Myntra! Trendy styles await. | F39: 3138 | G39: 123 | H39: 291 | I39: 28242 | J39: 27550 | K39: 87 | L39: #FashionDeals | N39: 6.11
A40: P039 | B40: Facebook | C40: 2024-11-25 | D40: Image | E40: Explore the latest image on Myntra! Trendy styles await. | F40: 3564 | G40: 629 | H40: 177 | I40: 60588 | J40: 59627 | K40: 92 | L40: #FashionDeals | M40: #MyntraSale | N40: 9.43
A41: P040 | B41: Twitter | C41: 2025-03-07 | D41: Image | E41: Explore the latest image on Myntra! Trendy styles await. | F41: 4750 | G41: 151 | H41: 415 | I41: 38000 | J41: 37792 | K41: 299 | L41: #StyleWithMyntra | M41: #MyntraSale | N41: 4.04
A42: P041 | B42: Instagram | C42: 2025-03-08 | D42: Reel | E42: Explore the latest reel on Myntra! Trendy styles await. | F42: 456 | G42: 629 | H42: 428 | I42: 8208 | J42: 7377 | K42: 205 | L42: #MyntraSale | M42: #FashionDeals | N42: 6.23
A43: P042 | B43: YouTube | C43: 2025-03-05 | D43: Reel | E43: Explore the latest reel on Myntra! Trendy styles await. | F43: 1543 | G43: 820 | H43: 333 | I43: 12344 | J43: 11496 | K43: 241 | L43: #StyleWithMyntra | N43: 6.01
A44: P043 | B44: Instagram | C44: 2024-12-14 | D44: Carousel | E44: Explore the latest carousel on Myntra! Trendy styles await. | F44: 2174 | G44: 658 | H44: 15 | I44: 13044 | J44: 12206 | K44: 137 | L44: #MyntraSale | M44: #MyntraFashion | N44: 8.55
A45: P044 | B45: Twitter | C45: 2025-03-02 | D45: Image | E45: Explore the latest image on Myntra! Trendy styles await. | F45: 2358 | G45: 784 | H45: 344 | I45: 35370 | J45: 34475 | K45: 216 | L45: #MyntraSale | M45: #StyleWithMyntra | N45: 5.42
A46: P045 | B46: Facebook | C46: 2024-11-01 | D46: Video | E46: Explore the latest video on Myntra! Trendy styles await. | F46: 3371 | G46: 106 | H46: 327 | I46: 50565 | J46: 49816 | K46: 176 | L46: #FashionDeals | N46: 3.25
A47: P046 | B47: Twitter | C47: 2025-05-02 | D47: Video | E47: Explore the latest video on Myntra! Trendy styles await. | F47: 1108 | G47: 177 | H47: 212 | I47: 8864 | J47: 8710 | K47: 97 | L47: #MyntraFashion | N47: 8.84
A48: P047 | B48: Twitter | C48: 2025-02-24 | D48: Carousel | E48: Explore the latest carousel on Myntra! Trendy styles await. | F48: 2704 | G48: 752 | H48: 153 | I48: 21632 | J48: 20792 | K48: 127 | L48: #FashionDeals | M48: #MyntraFashion | N48: 7.24
A49: P048 | B49: Twitter | C49: 2025-03-11 | D49: Story | E49: Explore the latest story on Myntra! Trendy styles await. | F49: 1950 | G49: 295 | H49: 478 | I49: 37050 | J49: 36272 | K49: 119 | L49: #MyntraFashion | M49: #StyleWithMyntra | N49: 6.19
A50: P049 | B50: Twitter | C50: 2024-06-10 | D50: Story | E50: Explore the latest story on Myntra! Trendy styles await. | F50: 2164 | G50: 549 | H50: 274 | I50: 28132 | J50: 27361 | K50: 177 | L50: #StyleWithMyntra | N50: 5.71
A51: P050 | B51: YouTube | C51: 2024-07-03 | D51: Story | E51: Explore the latest story on Myntra! Trendy styles await. | F51: 2754 | G51: 130 | H51: 90 | I51: 22032 | J51: 21288 | K51: 112 | L51: #MyntraFashion | N51: 9.04
A52: P051 | B52: Facebook | C52: 2024-06-13 | D52: Carousel | E52: Explore the latest carousel on Myntra! Trendy styles await. | F52: 2200 | G52: 504 | H52: 239 | I52: 37400 | J52: 36938 | K52: 225 | L52: #MyntraSale | N52: 3.91
A53: P052 | B53: Facebook | C53: 2025-01-03 | D53: Image | E53: Explore the latest image on Myntra! Trendy styles await. | F53: 947 | G53: 338 | H53: 350 | I53: 10417 | J53: 9730 | K53: 34 | L53: #MyntraFashion | M53: #MyntraSale | N53: 7.83
A54: P053 | B54: YouTube | C54: 2025-02-24 | D54: Carousel | E54: Explore the latest carousel on Myntra! Trendy styles await. | F54: 804 | G54: 639 | H54: 43 | I54: 4020 | J54: 3144 | K54: 11 | L54: #StyleWithMyntra | M54: #MyntraTrend | N54: 7.16
A55: P054 | B55: YouTube | C55: 2025-03-13 | D55: Carousel | E55: Explore the latest carousel on Myntra! Trendy styles await. | F55: 1686 | G55: 904 | H55: 472 | I55: 18546 | J55: 18171 | K55: 52 | L55: #MyntraFashion | M55: #FashionDeals | N55: 6.41
A56: P055 | B56: Facebook | C56: 2024-06-17 | D56: Image | E56: Explore the latest image on Myntra! Trendy styles await. | F56: 1226 | G56: 119 | H56: 7 | I56: 14712 | J56: 14049 | K56: 123 | L56: #MyntraSale | M56: #MyntraTrend | N56: 8.02
A57: P056 | B57: Facebook | C57: 2024-12-18 | D57: Carousel | E57: Explore the latest carousel on Myntra! Trendy styles await. | F57: 2946 | G57: 498 | H57: 367 | I57: 29460 | J57: 28527 | K57: 60 | L57: #StyleWithMyntra | M57: #FashionDeals | N57: 3.86
A58: P057 | B58: Twitter | C58: 2024-10-21 | D58: Video | E58: Explore the latest video on Myntra! Trendy styles await. | F58: 2825 | G58: 535 | H58: 295 | I58: 45200 | J58: 44739 | K58: 169 | L58: #StyleWithMyntra | N58: 9.09
A59: P058 | B59: Instagram | C59: 2025-04-15 | D59: Reel | E59: Explore the latest reel on Myntra! Trendy styles await. | F59: 103 | G59: 770 | H59: 19 | I59: 1030 | J59: 410 | K59: 262 | L59: #MyntraSale | N59: 1.76
A60: P059 | B60: Instagram | C60: 2024-06-22 | D60: Text | E60: Explore the latest text on Myntra! Trendy styles await. | F60: 2180 | G60: 263 | H60: 387 | I60: 30520 | J60: 30059 | K60: 174 | L60: #FashionDeals | N60: 9.24
A61: P060 | B61: Instagram | C61: 2025-01-28 | D61: Video | E61: Explore the latest video on Myntra! Trendy styles await. | F61: 904 | G61: 973 | H61: 63 | I61: 11752 | J61: 11580 | K61: 84 | L61: #StyleWithMyntra | N61: 8.99
A62: P061 | B62: Twitter | C62: 2024-09-05 | D62: Video | E62: Explore the latest video on Myntra! Trendy styles await. | F62: 4886 | G62: 983 | H62: 409 | I62: 43974 | J62: 43239 | K62: 65 | L62: #MyntraFashion | N62: 3.4
A63: P062 | B63: Twitter | C63: 2024-11-22 | D63: Carousel | E63: Explore the latest carousel on Myntra! Trendy styles await. | F63: 53 | G63: 81 | H63: 379 | I63: 954 | J63: 7 | K63: 148 | L63: #FashionDeals | N63: 9.2
A64: P063 | B64: Twitter | C64: 2024-07-31 | D64: Carousel | E64: Explore the latest carousel on Myntra! Trendy styles await. | F64: 4507 | G64: 217 | H64: 13 | I64: 90140 | J64: 89591 | K64: 125 | L64: #MyntraSale | N64: 8.59
A65: P064 | B65: Facebook | C65: 2024-08-17 | D65: Image | E65: Explore the latest image on Myntra! Trendy styles await. | F65: 2878 | G65: 248 | H65: 416 | I65: 43170 | J65: 42667 | K65: 75 | L65: #FashionDeals | M65: #MyntraTrend | N65: 3.5
A66: P065 | B66: Instagram | C66: 2025-03-28 | D66: Story | E66: Explore the latest story on Myntra! Trendy styles await. | F66: 1881 | G66: 501 | H66: 99 | I66: 20691 | J66: 19987 | K66: 289 | L66: #FashionDeals | N66: 2.36
A67: P066 | B67: Twitter | C67: 2024-07-26 | D67: Carousel | E67: Explore the latest carousel on Myntra! Trendy styles await. | F67: 432 | G67: 171 | H67: 280 | I67: 3024 | J67: 2285 | K67: 184 | L67: #MyntraFashion | N67: 7.36
A68: P067 | B68: Facebook | C68: 2025-03-29 | D68: Carousel | E68: Explore the latest carousel on Myntra! Trendy styles await. | F68: 4712 | G68: 568 | H68: 127 | I68: 84816 | J68: 84691 | K68: 100 | L68: #FashionDeals | N68: 8.55
A69: P068 | B69: Instagram | C69: 2024-12-08 | D69: Story | E69: Explore the latest story on Myntra! Trendy styles await. | F69: 2610 | G69: 126 | H69: 288 | I69: 15660 | J69: 15145 | K69: 73 | L69: #MyntraFashion | N69: 8.13
A70: P069 | B70: Twitter | C70: 2025-03-08 | D70: Text | E70: Explore the latest text on Myntra! Trendy styles await. | F70: 1292 | G70: 626 | H70: 496 | I70: 25840 | J70: 24916 | K70: 149 | L70: #StyleWithMyntra | M70: #MyntraTrend | N70: 3.3
A71: P070 | B71: Facebook | C71: 2025-04-02 | D71: Video | E71: Explore the latest video on Myntra! Trendy styles await. | F71: 199 | G71: 772 | H71: 400 | I71: 3582 | J71: 2988 | K71: 43 | L71: #MyntraTrend | N71: 1.77
A72: P071 | B72: YouTube | C72: 2024-09-02 | D72: Carousel | E72: Explore the latest carousel on Myntra! Trendy styles await. | F72: 2551 | G72: 915 | H72: 205 | I72: 30612 | J72: 30360 | K72: 227 | L72: #MyntraSale | M72: #FashionDeals | N72: 2.09
A73: P072 | B73: YouTube | C73: 2025-03-03 | D73: Reel | E73: Explore the latest reel on Myntra! Trendy styles await. | F73: 296 | G73: 60 | H73: 141 | I73: 5624 | J73: 5239 | K73: 88 | L73: #MyntraTrend | N73: 7.36
A74: P073 | B74: Facebook | C74: 2024-10-18 | D74: Story | E74: Explore the latest story on Myntra! Trendy styles await. | F74: 4126 | G74: 426 | H74: 486 | I74: 78394 | J74: 77798 | K74: 88 | L74: #MyntraFashion | N74: 6.25
A75: P074 | B75: YouTube | C75: 2024-10-28 | D75: Reel | E75: Explore the latest reel on Myntra! Trendy styles await. | F75: 1855 | G75: 200 | H75: 174 | I75: 16695 | J75: 16330 | K75: 123 | L75: #MyntraFashion | N75: 1.75
A76: P075 | B76: Instagram | C76: 2024-08-01 | D76: Reel | E76: Explore the latest reel on Myntra! Trendy styles await. | F76: 1674 | G76: 929 | H76: 37 | I76: 21762 | J76: 20998 | K76: 255 | L76: #StyleWithMyntra | M76: #FashionDeals | N76: 4.97
A77: P076 | B77: Twitter | C77: 2024-11-07 | D77: Story | E77: Explore the latest story on Myntra! Trendy styles await. | F77: 1121 | G77: 135 | H77: 18 | I77: 15694 | J77: 14957 | K77: 99 | L77: #MyntraSale | M77: #MyntraFashion | N77: 9.3
A78: P077 | B78: Facebook | C78: 2025-03-04 | D78: Story | E78: Explore the latest story on Myntra! Trendy styles await. | F78: 1249 | G78: 116 | H78: 420 | I78: 8743 | J78: 8538 | K78: 63 | L78: #MyntraFashion | M78: #FashionDeals | N78: 8.9
A79: P078 | B79: Twitter | C79: 2024-06-17 | D79: Image | E79: Explore the latest image on Myntra! Trendy styles await. | F79: 954 | G79: 324 | H79: 288 | I79: 19080 | J79: 18859 | K79: 21 | L79: #MyntraTrend | N79: 3.88
A80: P079 | B80: Instagram | C80: 2024-10-09 | D80: Carousel | E80: Explore the latest carousel on Myntra! Trendy styles await. | F80: 3068 | G80: 137 | H80: 329 | I80: 39884 | J80: 39404 | K80: 266 | L80: #MyntraSale | M80: #MyntraTrend | N80: 5.9
A81: P080 | B81: Instagram | C81: 2024-06-13 | D81: Story | E81: Explore the latest story on Myntra! Trendy styles await. | F81: 2103 | G81: 892 | H81: 103 | I81: 39957 | J81: 39466 | K81: 28 | L81: #FashionDeals | M81: #MyntraFashion | N81: 1.53
A82: P081 | B82: Instagram | C82: 2024-10-19 | D82: Story | E82: Explore the latest story on Myntra! Trendy styles await. | F82: 1816 | G82: 29 | H82: 41 | I82: 19976 | J82: 19262 | K82: 283 | L82: #MyntraTrend | M82: #MyntraSale | N82: 6.5
A83: P082 | B83: Instagram | C83: 2024-07-24 | D83: Image | E83: Explore the latest image on Myntra! Trendy styles await. | F83: 725 | G83: 88 | H83: 428 | I83: 14500 | J83: 13637 | K83: 200 | L83: #MyntraTrend | N83: 3.16
A84: P083 | B84: YouTube | C84: 2024-10-15 | D84: Video | E84: Explore the latest video on Myntra! Trendy styles await. | F84: 1094 | G84: 472 | H84: 21 | I84: 9846 | J84: 9609 | K84: 112 | L84: #MyntraTrend | M84: #StyleWithMyntra | N84: 8.25
A85: P084 | B85: Facebook | C85: 2024-12-09 | D85: Image | E85: Explore the latest image on Myntra! Trendy styles await. | F85: 1841 | G85: 851 | H85: 342 | I85: 34979 | J85: 34154 | K85: 255 | L85: #MyntraFashion | M85: #FashionDeals | N85: 5.41
A86: P085 | B86: Instagram | C86: 2025-04-19 | D86: Image | E86: Explore the latest image on Myntra! Trendy styles await. | F86: 4177 | G86: 569 | H86: 55 | I86: 25062 | J86: 24847 | K86: 230 | L86: #MyntraFashion | N86: 5.85
A87: P086 | B87: YouTube | C87: 2025-01-27 | D87: Text | E87: Explore the latest text on Myntra! Trendy styles await. | F87: 3428 | G87: 305 | H87: 85 | I87: 58276 | J87: 58052 | K87: 242 | L87: #MyntraTrend | M87: #StyleWithMyntra | N87: 4.46
A88: P087 | B88: Twitter | C88: 2024-06-06 | D88: Video | E88: Explore the latest video on Myntra! Trendy styles await. | F88: 1436 | G88: 765 | H88: 496 | I88: 12924 | J88: 12701 | K88: 197 | L88: #MyntraTrend | M88: #MyntraSale | N88: 5.22
A89: P088 | B89: Facebook | C89: 2024-07-07 | D89: Story | E89: Explore the latest story on Myntra! Trendy styles await. | F89: 302 | G89: 47 | H89: 430 | I89: 5738 | J89: 4890 | K89: 25 | L89: #MyntraFashion | M89: #MyntraSale | N89: 1.99
A90: P089 | B90: Twitter | C90: 2025-01-10 | D90: Image | E90: Explore the latest image on Myntra! Trendy styles await. | F90: 2214 | G90: 249 | H90: 152 | I90: 15498 | J90: 14800 | K90: 180 | L90: #MyntraSale | N90: 6.85
A91: P090 | B91: Instagram | C91: 2024-06-03 | D91: Image | E91: Explore the latest image on Myntra! Trendy styles await. | F91: 3861 | G91: 960 | H91: 101 | I91: 69498 | J91: 68817 | K91: 297 | L91: #MyntraFashion | N91: 3.32
A92: P091 | B92: Facebook | C92: 2025-03-24 | D92: Image | E92: Explore the latest image on Myntra! Trendy styles await. | F92: 1263 | G92: 397 | H92: 357 | I92: 25260 | J92: 24615 | K92: 137 | L92: #MyntraSale | N92: 5.68
A93: P092 | B93: Twitter | C93: 2024-10-21 | D93: Story | E93: Explore the latest story on Myntra! Trendy styles await. | F93: 3801 | G93: 967 | H93: 401 | I93: 38010 | J93: 37625 | K93: 236 | L93: #StyleWithMyntra | N93: 6.08
A94: P093 | B94: Instagram | C94: 2024-12-11 | D94: Video | E94: Explore the latest video on Myntra! Trendy styles await. | F94: 1431 | G94: 951 | H94: 26 | I94: 8586 | J94: 8396 | K94: 150 | L94: #MyntraTrend | M94: #FashionDeals | N94: 4.66
A95: P094 | B95: Instagram | C95: 2024-11-07 | D95: Image | E95: Explore the latest image on Myntra! Trendy styles await. | F95: 2647 | G95: 304 | H95: 170 | I95: 18529 | J95: 17841 | K95: 46 | L95: #StyleWithMyntra | N95: 8.7
A96: P095 | B96: Instagram | C96: 2024-11-08 | D96: Text | E96: Explore the latest text on Myntra! Trendy styles await. | F96: 3182 | G96: 559 | H96: 160 | I96: 57276 | J96: 56890 | K96: 163 | L96: #StyleWithMyntra | M96: #MyntraTrend | N96: 2.46
A97: P096 | B97: Twitter | C97: 2024-09-10 | D97: Image | E97: Explore the latest image on Myntra! Trendy styles await. | F97: 1238 | G97: 366 | H97: 444 | I97: 19808 | J97: 19334 | K97: 123 | L97: #FashionDeals | N97: 7.97
A98: P097 | B98: Instagram | C98: 2024-08-13 | D98: Image | E98: Explore the latest image on Myntra! Trendy styles await. | F98: 4739 | G98: 527 | H98: 135 | I98: 61607 | J98: 61333 | K98: 36 | L98: #StyleWithMyntra | M98: #MyntraSale | N98: 9.41
A99: P098 | B99: Twitter | C99: 2024-06-10 | D99: Story | E99: Explore the latest story on Myntra! Trendy styles await. | F99: 1575 | G99: 771 | H99: 486 | I99: 25200 | J99: 24826 | K99: 17 | L99: #StyleWithMyntra | N99: 2.68
A100: P099 | B100: YouTube | C100: 2024-07-02 | D100: Carousel | E100: Explore the latest carousel on Myntra! Trendy styles await. | F100: 4171 | G100: 548 | H100: 86 | I100: 66736 | J100: 66634 | K100: 173 | L100: #StyleWithMyntra | N100: 7.32
...

Sheet Pivot Table 6
A10: Notes:-
A11: Story content has the highest engagement_rate on Youtube.
A12: Carousel and Image both have strong performance on the Instagram.

Sheet Pivot Table 5

Sheet Hashtags_Performance

Sheet Hashtags_long
A1: Post ID | B1: Clicks | C1: Hashtags | D1: Likes | E1: Comments | F1: Engagement_Rate
A2: P001 | B2: 12 | C2: #MyntraSale | D2: {=INDEX(Post!F:F, MATCH(A2, Post!A:A, 0))} -> 1461 | E2: {=INDEX(Post!G:G, MATCH(A2, Post!A:A, 0))} -> 184 | F2: {=INDEX(Post!N:N, MATCH(A2, Post!A:A, 0))} -> 8.06
A3: P002 | B3: 262 | C3: #MyntraFashion | D3: {=INDEX(Post!F:F, MATCH(A3, Post!A:A, 0))} -> 4054 | E3: {=INDEX(Post!G:G, MATCH(A3, Post!A:A, 0))} -> 389 | F3: {=INDEX(Post!N:N, MATCH(A3, Post!A:A, 0))} -> 4.98
A4: P003 | B4: 201 | C4: #MyntraFashion | D4: {=INDEX(Post!F:F, MATCH(A4, Post!A:A, 0))} -> 2795 | E4: {=INDEX(Post!G:G, MATCH(A4, Post!A:A, 0))} -> 105 | F4: {=INDEX(Post!N:N, MATCH(A4, Post!A:A, 0))} -> 8.31
A5: P004 | B5: 238 | C5: #MyntraSale | D5: {=INDEX(Post!F:F, MATCH(A5, Post!A:A, 0))} -> 2404 | E5: {=INDEX(Post!G:G, MATCH(A5, Post!A:A, 0))} -> 363 | F5: {=INDEX(Post!N:N, MATCH(A5, Post!A:A, 0))} -> 4.11
A6: P005 | B6: 154 | C6: #StyleWithMyntra | D6: {=INDEX(Post!F:F, MATCH(A6, Post!A:A, 0))} -> 3557 | E6: {=INDEX(Post!G:G, MATCH(A6, Post!A:A, 0))} -> 687 | F6: {=INDEX(Post!N:N, MATCH(A6, Post!A:A, 0))} -> 9.05
A7: P006 | B7: 148 | C7: #MyntraTrend | D7: {=INDEX(Post!F:F, MATCH(A7, Post!A:A, 0))} -> 2945 | E7: {=INDEX(Post!G:G, MATCH(A7, Post!A:A, 0))} -> 930 | F7: {=INDEX(Post!N:N, MATCH(A7, Post!A:A, 0))} -> 2.37
A8: P007 | B8: 293 | C8: #MyntraTrend | D8: {=INDEX(Post!F:F, MATCH(A8, Post!A:A, 0))} -> 3860 | E8: {=INDEX(Post!G:G, MATCH(A8, Post!A:A, 0))} -> 201 | F8: {=INDEX(Post!N:N, MATCH(A8, Post!A:A, 0))} -> 4.01
A9: P008 | B9: 117 | C9: #MyntraFashion | D9: {=INDEX(Post!F:F, MATCH(A9, Post!A:A, 0))} -> 3929 | E9: {=INDEX(Post!G:G, MATCH(A9, Post!A:A, 0))} -> 262 | F9: {=INDEX(Post!N:N, MATCH(A9, Post!A:A, 0))} -> 3.16
A10: P009 | B10: 287 | C10: #MyntraFashion | D10: {=INDEX(Post!F:F, MATCH(A10, Post!A:A, 0))} -> 3784 | E10: {=INDEX(Post!G:G, MATCH(A10, Post!A:A, 0))} -> 808 | F10: {=INDEX(Post!N:N, MATCH(A10, Post!A:A, 0))} -> 2.46
A11: P010 | B11: 43 | C11: #MyntraTrend | D11: {=INDEX(Post!F:F, MATCH(A11, Post!A:A, 0))} -> 4241 | E11: {=INDEX(Post!G:G, MATCH(A11, Post!A:A, 0))} -> 902 | F11: {=INDEX(Post!N:N, MATCH(A11, Post!A:A, 0))} -> 8.11
A12: P011 | B12: 282 | C12: #StyleWithMyntra | D12: {=INDEX(Post!F:F, MATCH(A12, Post!A:A, 0))} -> 1792 | E12: {=INDEX(Post!G:G, MATCH(A12, Post!A:A, 0))} -> 614 | F12: {=INDEX(Post!N:N, MATCH(A12, Post!A:A, 0))} -> 8.19
A13: P012 | B13: 11 | C13: #StyleWithMyntra | D13: {=INDEX(Post!F:F, MATCH(A13, Post!A:A, 0))} -> 1946 | E13: {=INDEX(Post!G:G, MATCH(A13, Post!A:A, 0))} -> 686 | F13: {=INDEX(Post!N:N, MATCH(A13, Post!A:A, 0))} -> 3.49
... A301: P300 | B301: 125 | C301: #MyntraFashion | D301: {=INDEX(Post!F:F, MATCH(A301, Post!A:A, 0))} -> 4494 | E301: {=INDEX(Post!G:G, MATCH(A301, Post!A:A, 0))} -> 717 | F301: {=INDEX(Post!N:N, MATCH(A301, Post!A:A, 0))}
A302: P001 | B302: 15 | D302: {=INDEX(Post!F:F, MATCH(A302, Post!A:A, 0))} -> 1461 | E302: {=INDEX(Post!G:G, MATCH(A302, Post!A:A, 0))} -> 184 | F302: {=INDEX(Post!N:N, MATCH(A302, Post!A:A, 0))} -> 8.06
A303: P002 | B303: 117 | D303: {=INDEX(Post!F:F, MATCH(A303, Post!A:A, 0))} -> 4054 | E303: {=INDEX(Post!G:G, MATCH(A303, Post!A:A, 0))} -> 389 | F303: {=INDEX(Post!N:N, MATCH(A303, Post!A:A, 0))} -> 4.98
A304: P003 | B304: 204 | C304: #MyntraSale | D304: {=INDEX(Post!F:F, MATCH(A304, Post!A:A, 0))} -> 2795 | E304: {=INDEX(Post!G:G, MATCH(A304, Post!A:A, 0))} -> 105 | F304: {=INDEX(Post!N:N, MATCH(A304, Post!A:A, 0))} -> 8.31
A305: P004 | B305: 128 | D305: {=INDEX(Post!F:F, MATCH(A305, Post!A:A, 0))} -> 2404 | E305: {=INDEX(Post!G:G, MATCH(A305, Post!A:A, 0))} -> 363 | F305: {=INDEX(Post!N:N, MATCH(A305, Post!A:A, 0))} -> 4.11
A306: P005 | B306: 224 | C306: #MyntraFashion | D306: {=INDEX(Post!F:F, MATCH(A306, Post!A:A, 0))} -> 3557 | E306: {=INDEX(Post!G:G, MATCH(A306, Post!A:A, 0))} -> 687 | F306: {=INDEX(Post!N:N, MATCH(A306, Post!A:A, 0))} -> 9.05
A307: P006 | B307: 256 | D307: {=INDEX(Post!F:F, MATCH(A307, Post!A:A, 0))} -> 2945 | E307: {=INDEX(Post!G:G, MATCH(A307, Post!A:A, 0))} -> 930 | F307: {=INDEX(Post!N:N, MATCH(A307, Post!A:A, 0))} -> 2.37
A308: P007 | B308: 235 | D308: {=INDEX(Post!F:F, MATCH(A308, Post!A:A, 0))} -> 3860 | E308: {=INDEX(Post!G:G, MATCH(A308, Post!A:A, 0))} -> 201 | F308: {=INDEX(Post!N:N, MATCH(A308, Post!A:A, 0))} -> 4.01
A309: P008 | B309: 39 | C309: #MyntraSale | D309: {=INDEX(Post!F:F, MATCH(A309, Post!A:A, 0))} -> 3929 | E309: {=INDEX(Post!G:G, MATCH(A309, Post!A:A, 0))} -> 262 | F309: {=INDEX(Post!N:N, MATCH(A309, Post!A:A, 0))} -> 3.16
A310: P009 | B310: 131 | C310: #MyntraSale | D310: {=INDEX(Post!F:F, MATCH(A310, Post!A:A, 0))} -> 3784 | E310: {=INDEX(Post!G:G, MATCH(A310, Post!A:A, 0))} -> 808 | F310: {=INDEX(Post!N:N, MATCH(A310, Post!A:A, 0))} -> 2.46
A311: P010 | B311: 167 | D311: {=INDEX(Post!F:F, MATCH(A311, Post!A:A, 0))} -> 4241 | E311: {=INDEX(Post!G:G, MATCH(A311, Post!A:A, 0))} -> 902 | F311: {=INDEX(Post!N:N, MATCH(A311, Post!A:A, 0))} -> 8.11
A312: P011 | B312: 65 | D312: {=INDEX(Post!F:F, MATCH(A312, Post!A:A, 0))} -> 1792 | E312: {=INDEX(Post!G:G, MATCH(A312, Post!A:A, 0))} -> 614 | F312: {=INDEX(Post!N:N, MATCH(A312, Post!A:A, 0))} -> 8.19
A313: P012 | B313: 213 | C313: #MyntraSale | D313: {=INDEX(Post!F:F, MATCH(A313, Post!A:A, 0))} -> 1946 | E313: {=INDEX(Post!G:G, MATCH(A313, Post!A:A, 0))} -> 686 | F313: {=INDEX(Post!N:N, MATCH(A313, Post!A:A, 0))} -> 3.49
A314: P013 | B314: 114 | D314: {=INDEX(Post!F:F, MATCH(A314, Post!A:A, 0))} -> 1171 | E314: {=INDEX(Post!G:G, MATCH(A314, Post!A:A, 0))} -> 286 | F314: {=INDEX(Post!N:N, MATCH(A314, Post!A:A, 0))} -> 6.92
A315: P014 | B315: 265 | C315: #MyntraFashion | D315: {=INDEX(Post!F:F, MATCH(A315, Post!A:A, 0))} -> 4242 | E315: {=INDEX(Post!G:G, MATCH(A315, Post!A:A, 0))} -> 555 | F315: {=INDEX(Post!N:N, MATCH(A315, Post!A:A, 0))} -> 9.12
A316: P015 | B316: 20 | C316: #FashionDeals | D316: {=INDEX(Post!F:F, MATCH(A316, Post!A:A, 0))} -> 3888 | E316: {=INDEX(Post!G:G, MATCH(A316, Post!A:A, 0))} -> 604 | F316: {=INDEX(Post!N:N, MATCH(A316, Post!A:A, 0))} -> 3.5
A317: P016 | B317: 87 | C317: #FashionDeals | D317: {=INDEX(Post!F:F, MATCH(A317, Post!A:A, 0))} -> 3452 | E317: {=INDEX(Post!G:G, MATCH(A317, Post!A:A, 0))} -> 377 | F317: {=INDEX(Post!N:N, MATCH(A317, Post!A:A, 0))} -> 2.62
A318: P017 | B318: 159 | D318: {=INDEX(Post!F:F, MATCH(A318, Post!A:A, 0))} -> 4441 | E318: {=INDEX(Post!G:G, MATCH(A318, Post!A:A, 0))} -> 511 | F318: {=INDEX(Post!N:N, MATCH(A318, Post!A:A, 0))} -> 9.36
A319: P018 | B319: 19 | D319: {=INDEX(Post!F:F, MATCH(A319, Post!A:A, 0))} -> 3000 | E319: {=INDEX(Post!G:G, MATCH(A319, Post!A:A, 0))} -> 382 | F319: {=INDEX(Post!N:N, MATCH(A319, Post!A:A, 0))} -> 4.48
A320: P019 | B320: 103 | C320: #StyleWithMyntra | D320: {=INDEX(Post!F:F, MATCH(A320, Post!A:A, 0))} -> 1071 | E320: {=INDEX(Post!G:G, MATCH(A320, Post!A:A, 0))} -> 519 | F320: {=INDEX(Post!N:N, MATCH(A320, Post!A:A, 0))} -> 6.19
A321: P020 | B321: 25 | C321: #MyntraSale | D321: {=INDEX(Post!F:F, MATCH(A321, Post!A:A, 0))} -> 4054 | E321: {=INDEX(Post!G:G, MATCH(A321, Post!A:A, 0))} -> 488 | F321: {=INDEX(Post!N:N, MATCH(A321, Post!A:A, 0))} -> 8.72
A322: P021 | B322: 83 | C322: #MyntraTrend | D322: {=INDEX(Post!F:F, MATCH(A322, Post!A:A, 0))} -> 4838 | E322: {=INDEX(Post!G:G, MATCH(A322, Post!A:A, 0))} -> 640 | F322: {=INDEX(Post!N:N, MATCH(A322, Post!A:A, 0))} -> 8.74
A323: P022 | B323: 133 | D323: {=INDEX(Post!F:F, MATCH(A323, Post!A:A, 0))} -> 1570 | E323: {=INDEX(Post!G:G, MATCH(A323, Post!A:A, 0))} -> 187 | F323: {=INDEX(Post!N:N, MATCH(A323, Post!A:A, 0))} -> 1.91
A324: P023 | B324: 225 | D324: {=INDEX(Post!F:F, MATCH(A324, Post!A:A, 0))} -> 1606 | E324: {=INDEX(Post!G:G, MATCH(A324, Post!A:A, 0))} -> 547 | F324: {=INDEX(Post!N:N, MATCH(A324, Post!A:A, 0))} -> 4.66
A325: P024 | B325: 161 | D325: {=INDEX(Post!F:F, MATCH(A325, Post!A:A, 0))} -> 3961 | E325: {=INDEX(Post!G:G, MATCH(A325, Post!A:A, 0))} -> 761 | F325: {=INDEX(Post!N:N, MATCH(A325, Post!A:A, 0))} -> 2.88
A326: P025 | B326: 238 | C326: #MyntraSale | D326: {=INDEX(Post!F:F, MATCH(A326, Post!A:A, 0))} -> 3128 | E326: {=INDEX(Post!G:G, MATCH(A326, Post!A:A, 0))} -> 211 | F326: {=INDEX(Post!N:N, MATCH(A326, Post!A:A, 0))} -> 3.74
A327: P026 | B327: 211 | D327: {=INDEX(Post!F:F, MATCH(A327, Post!A:A, 0))} -> 3009 | E327: {=INDEX(Post!G:G, MATCH(A327, Post!A:A, 0))} -> 413 | F327: {=INDEX(Post!N:N, MATCH(A327, Post!A:A, 0))} -> 6.44
A328: P027 | B328: 51 | D328: {=INDEX(Post!F:F, MATCH(A328, Post!A:A, 0))} -> 2076 | E328: {=INDEX(Post!G:G, MATCH(A328, Post!A:A, 0))} -> 195 | F328: {=INDEX(Post!N:N, MATCH(A328, Post!A:A, 0))} -> 8.56
A329: P028 | B329: 79 | C329: #MyntraTrend | D329: {=INDEX(Post!F:F, MATCH(A329, Post!A:A, 0))} -> 432 | E329: {=INDEX(Post!G:G, MATCH(A329, Post!A:A, 0))} -> 624 | F329: {=INDEX(Post!N:N, MATCH(A329, Post!A:A, 0))} -> 4.56
A330: P029 | B330: 221 | C330: #MyntraFashion | D330: {=INDEX(Post!F:F, MATCH(A330, Post!A:A, 0))} -> 2566 | E330: {=INDEX(Post!G:G, MATCH(A330, Post!A:A, 0))} -> 118 | F330: {=INDEX(Post!N:N, MATCH(A330, Post!A:A, 0))} -> 7.88
A331: P030 | B331: 93 | D331: {=INDEX(Post!F:F, MATCH(A331, Post!A:A, 0))} -> 3095 | E331: {=INDEX(Post!G:G, MATCH(A331, Post!A:A, 0))} -> 39 | F331: {=INDEX(Post!N:N, MATCH(A331, Post!A:A, 0))} -> 7.86
A332: P031 | B332: 282 | D332: {=INDEX(Post!F:F, MATCH(A332, Post!A:A, 0))} -> 438 | E332: {=INDEX(Post!G:G, MATCH(A332, Post!A:A, 0))} -> 153 | F332: {=INDEX(Post!N:N, MATCH(A332, Post!A:A, 0))} -> 5.34
A333: P032 | B333: 275 | C333: #MyntraFashion | D333: {=INDEX(Post!F:F, MATCH(A333, Post!A:A, 0))} -> 2278 | E333: {=INDEX(Post!G:G, MATCH(A333, Post!A:A, 0))} -> 10 | F333: {=INDEX(Post!N:N, MATCH(A333, Post!A:A, 0))} -> 5.52
A334: P033 | B334: 113 | C334: #FashionDeals | D334: {=INDEX(Post!F:F, MATCH(A334, Post!A:A, 0))} -> 1407 | E334: {=INDEX(Post!G:G, MATCH(A334, Post!A:A, 0))} -> 400 | F334: {=INDEX(Post!N:N, MATCH(A334, Post!A:A, 0))} -> 4.05
A335: P034 | B335: 215 | C335: #FashionDeals | D335: {=INDEX(Post!F:F, MATCH(A335, Post!A:A, 0))} -> 1652 | E335: {=INDEX(Post!G:G, MATCH(A335, Post!A:A, 0))} -> 89 | F335: {=INDEX(Post!N:N, MATCH(A335, Post!A:A, 0))} -> 7.73
A336: P035 | B336: 271 | C336: #MyntraSale | D336: {=INDEX(Post!F:F, MATCH(A336, Post!A:A, 0))} -> 3775 | E336: {=INDEX(Post!G:G, MATCH(A336, Post!A:A, 0))} -> 16 | F336: {=INDEX(Post!N:N, MATCH(A336, Post!A:A, 0))} -> 4.36
A337: P036 | B337: 31 | D337: {=INDEX(Post!F:F, MATCH(A337, Post!A:A, 0))} -> 4518 | E337: {=INDEX(Post!G:G, MATCH(A337, Post!A:A, 0))} -> 285 | F337: {=INDEX(Post!N:N, MATCH(A337, Post!A:A, 0))} -> 3.48
A338: P037 | B338: 36 | D338: {=INDEX(Post!F:F, MATCH(A338, Post!A:A, 0))} -> 3024 | E338: {=INDEX(Post!G:G, MATCH(A338, Post!A:A, 0))} -> 925 | F338: {=INDEX(Post!N:N, MATCH(A338, Post!A:A, 0))} -> 7.83
A339: P038 | B339: 87 | D339: {=INDEX(Post!F:F, MATCH(A339, Post!A:A, 0))} -> 3138 | E339: {=INDEX(Post!G:G, MATCH(A339, Post!A:A, 0))} -> 123 | F339: {=INDEX(Post!N:N, MATCH(A339, Post!A:A, 0))} -> 6.11
A340: P039 | B340: 92 | C340: #MyntraSale | D340: {=INDEX(Post!F:F, MATCH(A340, Post!A:A, 0))} -> 3564 | E340: {=INDEX(Post!G:G, MATCH(A340, Post!A:A, 0))} -> 629 | F340: {=INDEX(Post!N:N, MATCH(A340, Post!A:A, 0))} -> 9.43
A341: P040 | B341: 299 | C341: #MyntraSale | D341: {=INDEX(Post!F:F, MATCH(A341, Post!A:A, 0))} -> 4750 | E341: {=INDEX(Post!G:G, MATCH(A341, Post!A:A, 0))} -> 151 | F341: {=INDEX(Post!N:N, MATCH(A341, Post!A:A, 0))} -> 4.04
A342: P041 | B342: 205 | C342: #FashionDeals | D342: {=INDEX(Post!F:F, MATCH(A342, Post!A:A, 0))} -> 456 | E342: {=INDEX(Post!G:G, MATCH(A342, Post!A:A, 0))} -> 629 | F342: {=INDEX(Post!N:N, MATCH(A342, Post!A:A, 0))} -> 6.23
A343: P042 | B343: 241 | D343: {=INDEX(Post!F:F, MATCH(A343, Post!A:A, 0))} -> 1543 | E343: {=INDEX(Post!G:G, MATCH(A343, Post!A:A, 0))} -> 820 | F343: {=INDEX(Post!N:N, MATCH(A343, Post!A:A, 0))} -> 6.01
A344: P043 | B344: 137 | C344: #MyntraFashion | D344: {=INDEX(Post!F:F, MATCH(A344, Post!A:A, 0))} -> 2174 | E344: {=INDEX(Post!G:G, MATCH(A344, Post!A:A, 0))} -> 658 | F344: {=INDEX(Post!N:N, MATCH(A344, Post!A:A, 0))} -> 8.55
A345: P044 | B345: 216 | C345: #StyleWithMyntra | D345: {=INDEX(Post!F:F, MATCH(A345, Post!A:A, 0))} -> 2358 | E345: {=INDEX(Post!G:G, MATCH(A345, Post!A:A, 0))} -> 784 | F345: {=INDEX(Post!N:N, MATCH(A345, Post!A:A, 0))} -> 5.42
A346: P045 | B346: 176 | D346: {=INDEX(Post!F:F, MATCH(A346, Post!A:A, 0))} -> 3371 | E346: {=INDEX(Post!G:G, MATCH(A346, Post!A:A, 0))} -> 106 | F346: {=INDEX(Post!N:N, MATCH(A346, Post!A:A, 0))} -> 3.25
A347: P046 | B347: 97 | D347: {=INDEX(Post!F:F, MATCH(A347, Post!A:A, 0))} -> 1108 | E347: {=INDEX(Post!G:G, MATCH(A347, Post!A:A, 0))} -> 177 | F347: {=INDEX(Post!N:N, MATCH(A347, Post!A:A, 0))} -> 8.84
A348: P047 | B348: 127 | C348: #MyntraFashion | D348: {=INDEX(Post!F:F, MATCH(A348, Post!A:A, 0))} -> 2704 | E348: {=INDEX(Post!G:G, MATCH(A348, Post!A:A, 0))} -> 752 | F348: {=INDEX(Post!N:N, MATCH(A348, Post!A:A, 0))} -> 7.24
A349: P048 | B349: 119 | C349: #StyleWithMyntra | D349: {=INDEX(Post!F:F, MATCH(A349, Post!A:A, 0))} -> 1950 | E349: {=INDEX(Post!G:G, MATCH(A349, Post!A:A, 0))} -> 295 | F349: {=INDEX(Post!N:N, MATCH(A349, Post!A:A, 0))} -> 6.19
A350: P049 | B350: 177 | D350: {=INDEX(Post!F:F, MATCH(A350, Post!A:A, 0))} -> 2164 | E350: {=INDEX(Post!G:G, MATCH(A350, Post!A:A, 0))} -> 549 | F350: {=INDEX(Post!N:N, MATCH(A350, Post!A:A, 0))} -> 5.71
A351: P050 | B351: 112 | D351: {=INDEX(Post!F:F, MATCH(A351, Post!A:A, 0))} -> 2754 | E351: {=INDEX(Post!G:G, MATCH(A351, Post!A:A, 0))} -> 130 | F351: {=INDEX(Post!N:N, MATCH(A351, Post!A:A, 0))} -> 9.04
A352: P051 | B352: 225 | D352: {=INDEX(Post!F:F, MATCH(A352, Post!A:A, 0))} -> 2200 | E352: {=INDEX(Post!G:G, MATCH(A352, Post!A:A, 0))} -> 504 | F352: {=INDEX(Post!N:N, MATCH(A352, Post!A:A, 0))} -> 3.91
A353: P052 | B353: 34 | C353: #MyntraSale | D353: {=INDEX(Post!F:F, MATCH(A353, Post!A:A, 0))} -> 947 | E353: {=INDEX(Post!G:G, MATCH(A353, Post!A:A, 0))} -> 338 | F353: {=INDEX(Post!N:N, MATCH(A353, Post!A:A, 0))} -> 7.83
A354: P053 | B354: 11 | C354: #MyntraTrend | D354: {=INDEX(Post!F:F, MATCH(A354, Post!A:A, 0))} -> 804 | E354: {=INDEX(Post!G:G, MATCH(A354, Post!A:A, 0))} -> 639 | F354: {=INDEX(Post!N:N, MATCH(A354, Post!A:A, 0))} -> 7.16
A355: P054 | B355: 52 | C355: #FashionDeals | D355: {=INDEX(Post!F:F, MATCH(A355, Post!A:A, 0))} -> 1686 | E355: {=INDEX(Post!G:G, MATCH(A355, Post!A:A, 0))} -> 904 | F355: {=INDEX(Post!N:N, MATCH(A355, Post!A:A, 0))} -> 6.41
A356: P055 | B356: 123 | C356: #MyntraTrend | D356: {=INDEX(Post!F:F, MATCH(A356, Post!A:A, 0))} -> 1226 | E356: {=INDEX(Post!G:G, MATCH(A356, Post!A:A, 0))} -> 119 | F356: {=INDEX(Post!N:N, MATCH(A356, Post!A:A, 0))} -> 8.02
A357: P056 | B357: 60 | C357: #FashionDeals | D357: {=INDEX(Post!F:F, MATCH(A357, Post!A:A, 0))} -> 2946 | E357: {=INDEX(Post!G:G, MATCH(A357, Post!A:A, 0))} -> 498 | F357: {=INDEX(Post!N:N, MATCH(A357, Post!A:A, 0))} -> 3.86
A358: P057 | B358: 169 | D358: {=INDEX(Post!F:F, MATCH(A358, Post!A:A, 0))} -> 2825 | E358: {=INDEX(Post!G:G, MATCH(A358, Post!A:A, 0))} -> 535 | F358: {=INDEX(Post!N:N, MATCH(A358, Post!A:A, 0))} -> 9.09
A359: P058 | B359: 262 | D359: {=INDEX(Post!F:F, MATCH(A359, Post!A:A, 0))} -> 103 | E359: {=INDEX(Post!G:G, MATCH(A359, Post!A:A, 0))} -> 770 | F359: {=INDEX(Post!N:N, MATCH(A359, Post!A:A, 0))} -> 1.76
A360: P059 | B360: 174 | D360: {=INDEX(Post!F:F, MATCH(A360, Post!A:A, 0))} -> 2180 | E360: {=INDEX(Post!G:G, MATCH(A360, Post!A:A, 0))} -> 263 | F360: {=INDEX(Post!N:N, MATCH(A360, Post!A:A, 0))} -> 9.24
A361: P060 | B361: 84 | D361: {=INDEX(Post!F:F, MATCH(A361, Post!A:A, 0))} -> 904 | E361: {=INDEX(Post!G:G, MATCH(A361, Post!A:A, 0))} -> 973 | F361: {=INDEX(Post!N:N, MATCH(A361, Post!A:A, 0))} -> 8.99
A362: P061 | B362: 65 | D362: {=INDEX(Post!F:F, MATCH(A362, Post!A:A, 0))} -> 4886 | E362: {=INDEX(Post!G:G, MATCH(A362, Post!A:A, 0))} -> 983 | F362: {=INDEX(Post!N:N, MATCH(A362, Post!A:A, 0))} -> 3.4
A363: P062 | B363: 148 | D363: {=INDEX(Post!F:F, MATCH(A363, Post!A:A, 0))} -> 53 | E363: {=INDEX(Post!G:G, MATCH(A363, Post!A:A, 0))} -> 81 | F363: {=INDEX(Post!N:N, MATCH(A363, Post!A:A, 0))} -> 9.2
A364: P063 | B364: 125 | D364: {=INDEX(Post!F:F, MATCH(A364, Post!A:A, 0))} -> 4507 | E364: {=INDEX(Post!G:G, MATCH(A364, Post!A:A, 0))} -> 217 | F364: {=INDEX(Post!N:N, MATCH(A364, Post!A:A, 0))} -> 8.59
A365: P064 | B365: 75 | C365: #MyntraTrend | D365: {=INDEX(Post!F:F, MATCH(A365, Post!A:A, 0))} -> 2878 | E365: {=INDEX(Post!G:G, MATCH(A365, Post!A:A, 0))} -> 248 | F365: {=INDEX(Post!N:N, MATCH(A365, Post!A:A, 0))} -> 3.5
A366: P065 | B366: 289 | D366: {=INDEX(Post!F:F, MATCH(A366, Post!A:A, 0))} -> 1881 | E366: {=INDEX(Post!G:G, MATCH(A366, Post!A:A, 0))} -> 501 | F366: {=INDEX(Post!N:N, MATCH(A366, Post!A:A, 0))} -> 2.36
A367: P066 | B367: 184 | D367: {=INDEX(Post!F:F, MATCH(A367, Post!A:A, 0))} -> 432 | E367: {=INDEX(Post!G:G, MATCH(A367, Post!A:A, 0))} -> 171 | F367: {=INDEX(Post!N:N, MATCH(A367, Post!A:A, 0))} -> 7.36
A368: P067 | B368: 100 | D368: {=INDEX(Post!F:F, MATCH(A368, Post!A:A, 0))} -> 4712 | E368: {=INDEX(Post!G:G, MATCH(A368, Post!A:A, 0))} -> 568 | F368: {=INDEX(Post!N:N, MATCH(A368, Post!A:A, 0))} -> 8.55
A369: P068 | B369: 73 | D369: {=INDEX(Post!F:F, MATCH(A369, Post!A:A, 0))} -> 2610 | E369: {=INDEX(Post!G:G, MATCH(A369, Post!A:A, 0))} -> 126 | F369: {=INDEX(Post!N:N, MATCH(A369, Post!A:A, 0))} -> 8.13
A370: P069 | B370: 149 | C370: #MyntraTrend | D370: {=INDEX(Post!F:F, MATCH(A370, Post!A:A, 0))} -> 1292 | E370: {=INDEX(Post!G:G, MATCH(A370, Post!A:A, 0))} -> 626 | F370: {=INDEX(Post!N:N, MATCH(A370, Post!A:A, 0))} -> 3.3
A371: P070 | B371: 43 | D371: {=INDEX(Post!F:F, MATCH(A371, Post!A:A, 0))} -> 199 | E371: {=INDEX(Post!G:G, MATCH(A371, Post!A:A, 0))} -> 772 | F371: {=INDEX(Post!N:N, MATCH(A371, Post!A:A, 0))} -> 1.77
A372: P071 | B372: 227 | C372: #FashionDeals | D372: {=INDEX(Post!F:F, MATCH(A372, Post!A:A, 0))} -> 2551 | E372: {=INDEX(Post!G:G, MATCH(A372, Post!A:A, 0))} -> 915 | F372: {=INDEX(Post!N:N, MATCH(A372, Post!A:A, 0))} -> 2.09
A373: P072 | B373: 88 | D373: {=INDEX(Post!F:F, MATCH(A373, Post!A:A, 0))} -> 296 | E373: {=INDEX(Post!G:G, MATCH(A373, Post!A:A, 0))} -> 60 | F373: {=INDEX(Post!N:N, MATCH(A373, Post!A:A, 0))} -> 7.36
A374: P073 | B374: 88 | D374: {=INDEX(Post!F:F, MATCH(A374, Post!A:A, 0))} -> 4126 | E374: {=INDEX(Post!G:G, MATCH(A374, Post!A:A, 0))} -> 426 | F374: {=INDEX(Post!N:N, MATCH(A374, Post!A:A, 0))} -> 6.25
A375: P074 | B375: 123 | D375: {=INDEX(Post!F:F, MATCH(A375, Post!A:A, 0))} -> 1855 | E375: {=INDEX(Post!G:G, MATCH(A375, Post!A:A, 0))} -> 200 | F375: {=INDEX(Post!N:N, MATCH(A375, Post!A:A, 0))} -> 1.75
A376: P075 | B376: 255 | C376: #FashionDeals | D376: {=INDEX(Post!F:F, MATCH(A376, Post!A:A, 0))} -> 1674 | E376: {=INDEX(Post!G:G, MATCH(A376, Post!A:A, 0))} -> 929 | F376: {=INDEX(Post!N:N, MATCH(A376, Post!A:A, 0))} -> 4.97
A377: P076 | B377: 99 | C377: #MyntraFashion | D377: {=INDEX(Post!F:F, MATCH(A377, Post!A:A, 0))} -> 1121 | E377: {=INDEX(Post!G:G, MATCH(A377, Post!A:A, 0))} -> 135 | F377: {=INDEX(Post!N:N, MATCH(A377, Post!A:A, 0))} -> 9.3
A378: P077 | B378: 63 | C378: #FashionDeals | D378: {=INDEX(Post!F:F, MATCH(A378, Post!A:A, 0))} -> 1249 | E378: {=INDEX(Post!G:G, MATCH(A378, Post!A:A, 0))} -> 116 | F378: {=INDEX(Post!N:N, MATCH(A378, Post!A:A, 0))} -> 8.9
A379: P078 | B379: 21 | D379: {=INDEX(Post!F:F, MATCH(A379, Post!A:A, 0))} -> 954 | E379: {=INDEX(Post!G:G, MATCH(A379, Post!A:A, 0))} -> 324 | F379: {=INDEX(Post!N:N, MATCH(A379, Post!A:A, 0))} -> 3.88
A380: P079 | B380: 266 | C380: #MyntraTrend | D380: {=INDEX(Post!F:F, MATCH(A380, Post!A:A, 0))} -> 3068 | E380: {=INDEX(Post!G:G, MATCH(A380, Post!A:A, 0))} -> 137 | F380: {=INDEX(Post!N:N, MATCH(A380, Post!A:A, 0))} -> 5.9
A381: P080 | B381: 28 | C381: #MyntraFashion | D381: {=INDEX(Post!F:F, MATCH(A381, Post!A:A, 0))} -> 2103 | E381: {=INDEX(Post!G:G, MATCH(A381, Post!A:A, 0))} -> 892 | F381: {=INDEX(Post!N:N, MATCH(A381, Post!A:A, 0))} -> 1.53
A382: P081 | B382: 283 | C382: #MyntraSale | D382: {=INDEX(Post!F:F, MATCH(A382, Post!A:A, 0))} -> 1816 | E382: {=INDEX(Post!G:G, MATCH(A382, Post!A:A, 0))} -> 29 | F382: {=INDEX(Post!N:N, MATCH(A382, Post!A:A, 0))} -> 6.5
A383: P082 | B383: 200 | D383: {=INDEX(Post!F:F, MATCH(A383, Post!A:A, 0))} -> 725 | E383: {=INDEX(Post!G:G, MATCH(A383, Post!A:A, 0))} -> 88 | F383: {=INDEX(Post!N:N, MATCH(A383, Post!A:A, 0))} -> 3.16
A384: P083 | B384: 112 | C384: #StyleWithMyntra | D384: {=INDEX(Post!F:F, MATCH(A384, Post!A:A, 0))} -> 1094 | E384: {=INDEX(Post!G:G, MATCH(A384, Post!A:A, 0))} -> 472 | F384: {=INDEX(Post!N:N, MATCH(A384, Post!A:A, 0))} -> 8.25
A385: P084 | B385: 255 | C385: #FashionDeals | D385: {=INDEX(Post!F:F, MATCH(A385, Post!A:A, 0))} -> 1841 | E385: {=INDEX(Post!G:G, MATCH(A385, Post!A:A, 0))} -> 851 | F385: {=INDEX(Post!N:N, MATCH(A385, Post!A:A, 0))} -> 5.41
A386: P085 | B386: 230 | D386: {=INDEX(Post!F:F, MATCH(A386, Post!A:A, 0))} -> 4177 | E386: {=INDEX(Post!G:G, MATCH(A386, Post!A:A, 0))} -> 569 | F386: {=INDEX(Post!N:N, MATCH(A386, Post!A:A, 0))} -> 5.85
A387: P086 | B387: 242 | C387: #StyleWithMyntra | D387: {=INDEX(Post!F:F, MATCH(A387, Post!A:A, 0))} -> 3428 | E387: {=INDEX(Post!G:G, MATCH(A387, Post!A:A, 0))} -> 305 | F387: {=INDEX(Post!N:N, MATCH(A387, Post!A:A, 0))} -> 4.46
...

Sheet Pivot Table 4

Sheet Engagment Summary
A1: Week_Start_Date | B1: Platform | C1: New_Followers | D1: Unfollows | E1: Total_Followers | F1: Engagement_Rate | G1: Ad_Spend
A2: 45446 | B2: Instagram | C2: 1135 | D2: 88 | E2: 344084 | F2: 8.06 | G2: 5904
A3: 45446 | B3: Facebook | C3: 1312 | D3: 310 | E3: 42654 | F3: 4.98 | G3: 9566
A4: 45446 | B4: Twitter | C4: 584 | D4: 169 | E4: 146834 | F4: 8.31 | G4: 26752
A5: 45446 | B5: YouTube | C5: 1535 | D5: 445 | E5: 395536 | F5: 4.11 | G5: 30671
A6: 45453 | B6: Instagram | C6: 656 | D6: 139 | E6: 49157 | F6: 9.05 | G6: 9920
A7: 45453 | B7: Facebook | C7: 1697 | D7: 414 | E7: 316555 | F7: 2.37 | G7: 7924
A8: 45453 | B8: Twitter | C8: 436 | D8: 250 | E8: 254347 | F8: 4.01 | G8: 8912
A9: 45453 | B9: YouTube | C9: 1197 | D9: 203 | E9: 413878 | F9: 3.16 | G9: 21205
A10: 45460 | B10: Instagram | C10: 1048 | D10: 155 | E10: 456946 | F10: 2.46 | G10: 11329
A11: 45460 | B11: Facebook | C11: 1753 | D11: 371 | E11: 169496 | F11: 8.11 | G11: 46670
A12: 45460 | B12: Twitter | C12: 1335 | D12: 40 | E12: 122732 | F12: 8.19 | G12: 22482
A13: 45460 | B13: YouTube | C13: 403 | D13: 66 | E13: 382851 | F13: 3.49 | G13: 24313
... A201: 45789 | B201: YouTube | C201: 119 | D201: 456 | E201: 82558 | F201: 6.81 | G201: 12174

Sheet Campaign Data
A1: Campaign_Name | B1: Start_Date | C1: End_Date | D1: Objective | E1: Total_Budget | F1: Target_Platforms
A2: EndOfSeasonSale | B2: 45453 | C2: 45478 | D2: Seasonal Clearance Promotion | E2: 180000 | F2: Instagram,Facebook
A3: FashionUpgrade | B3: 45505 | C3: 45535 | D3: Customer Engagement | E3: 160000 | F3: Instagram,YouTube
A4: MyntraFestiveEdit | B4: 45570 | C4: 45601 | D4: Festive Collection Launch | E4: 220000 | F4: Facebook,Instagram
A5: StyleRevolution | B5: 45667 | C5: 45698 | D5: Brand Awareness & Growth | E5: 200000 | F5: Instagram,Twitter
